galaxy_id,snap_num,stellar_mass,total_mass,gas_mass,dm_mass,baryonic_mass,halo_mass,stellar_to_halo_ratio,gas_to_stellar_ratio,baryonic_to_halo_ratio,pos_x,pos_y,pos_z,distance_mpc,distance_modulus,vel_x,vel_y,vel_z,velocity_magnitude,rotation_velocity,log_rotation_velocity,max_circular_velocity,velocity_dispersion,sfr,specific_sfr,gas_metallicity,stellar_metallicity,half_mass_radius,surface_density,inclination,abs_mag_g,abs_mag_r,abs_mag_i,redshift,lookback_time,cosmic_time,FUV,NUV,u,g,r,i,z,Y,J,H,K,IRAC_3.6,IRAC_4.5,IRAC_5.8,IRAC_8.0,skirt_abs_mag_FUV,skirt_abs_mag_FUV_dusty,skirt_extinction_FUV,skirt_abs_mag_NUV,skirt_abs_mag_NUV_dusty,skirt_extinction_NUV,skirt_abs_mag_u,skirt_abs_mag_u_dusty,skirt_extinction_u,skirt_abs_mag_g,skirt_abs_mag_g_dusty,skirt_extinction_g,skirt_abs_mag_r,skirt_abs_mag_r_dusty,skirt_extinction_r,skirt_abs_mag_i,skirt_abs_mag_i_dusty,skirt_extinction_i,skirt_abs_mag_z,skirt_abs_mag_z_dusty,skirt_extinction_z,skirt_abs_mag_Y,skirt_abs_mag_Y_dusty,skirt_extinction_Y,skirt_abs_mag_J,skirt_abs_mag_J_dusty,skirt_extinction_J,skirt_abs_mag_H,skirt_abs_mag_H_dusty,skirt_extinction_H,skirt_abs_mag_K,skirt_abs_mag_K_dusty,skirt_extinction_K,skirt_abs_mag_IRAC_3.6,skirt_abs_mag_IRAC_3.6_dusty,skirt_extinction_IRAC_3.6,skirt_abs_mag_IRAC_4.5,skirt_abs_mag_IRAC_4.5_dusty,skirt_extinction_IRAC_4.5,skirt_abs_mag_IRAC_5.8,skirt_abs_mag_IRAC_5.8_dusty,skirt_extinction_IRAC_5.8,skirt_abs_mag_IRAC_8.0,skirt_abs_mag_IRAC_8.0_dusty,skirt_extinction_IRAC_8.0
1,99,394617655742.54504,2501609093593.1504,84115736.64009447,2106111603188.6626,394701771479.1851,3001930912311.7803,0.1314546094728912,0.00021315756002304403,0.1314826300167002,0,0,0,0.0,-inf,0,0,0,0.0,375.3091999999999,2.5743892104569457,536.156,212.092,0.0,0.0,0.041463,0.02,29.5395,143952880.54573983,70.87222561069963,-23.297560238527748,-23.115964496174684,-24.0058190139477,0.0,0.0,13.8,-23.887254766593387,-23.887254766593387,-23.887254766593387,-22.59305392404089,-23.65305392404089,-23.652095797534216,-24.432095797534213,-24.432095797534213,-24.432095797534213,-24.432095797534213,-24.432095797534213,-24.432095797534213,-24.432095797534213,-24.432095797534213,-24.432095797534213,-8.899957106586289,-8.36249687184769,0.5374602347385986,-15.659957106586289,-15.050902158661135,0.6090549479251548,-22.10995710658629,-21.784476258723632,0.3254808478626574,-22.599957106586288,-22.354260517340922,0.2456965892453668,-23.34470221796932,-23.165748295758412,0.17895392221090742,-23.45470221796932,-23.32023724429251,0.13446497367681107,-23.48470221796932,-23.388486721869846,0.09621549609947397,-23.622543053244033,-23.543310806446332,0.07923224679769984,-23.572543053244033,-23.513381111685057,0.05916194155897545,-23.432543053244032,-23.395257363469575,0.03728568977445599,-22.95254305324403,-22.928480506002092,0.024062547241939857,-22.062543053244035,-22.05172767788302,0.010815375361015785,-21.482543053244033,-21.475141453241328,0.007401600002704916,-21.192543053244034,-21.187540885083273,0.00500216816076122,-20.97254305324403,-20.969542424552174,0.0030006286918562255
2,99,192285208148.80426,2318571006790.6704,3356583997.6380277,2122497785651.0186,195641792146.4423,2782285208148.804,0.06911053100725838,0.017456277734273034,0.07031694363088417,0,0,0,0.0,-inf,0,0,0,0.0,248.2928,2.3949641260563506,354.704,154.112,0.000985458,5.124980800589617e-15,0.0309728,0.02,58.6992,17763626.753749866,40.955165058192925,-22.55729540527777,-23.03209803954254,-22.657428182182755,0.0,0.0,13.8,-23.10676188295885,-23.10676188295885,-23.10676188295885,-21.812402234536954,-22.872402234536956,-22.871254923938523,-23.65125492393852,-23.65125492393852,-23.65125492393852,-23.65125492393852,-23.65125492393852,-23.65125492393852,-23.65125492393852,-23.65125492393852,-23.65125492393852,-8.127568406955149,-7.7554655836220725,0.3721028233330763,-14.887568406955149,-14.465898019008858,0.42167038794629175,-21.33756840695515,-21.112226447490105,0.22534195946504398,-21.827568406955148,-21.657463925484116,0.1701044814710314,-22.56770230465105,-22.443806143786993,0.12389616086405536,-22.67770230465105,-22.58460742411745,0.09309488053359766,-22.70770230465105,-22.641088896936488,0.06661340771456273,-22.841333780742875,-22.786478480151594,0.054855300591282734,-22.791333780742875,-22.75037386582253,0.04095991492034422,-22.651333780742874,-22.625519572475458,0.025814208267415647,-22.171333780742874,-22.154674424037783,0.016659356705089313,-21.281333780742877,-21.273845911972085,0.007487868770790648,-20.701333780742875,-20.69620938998766,0.0051243907552121085,-20.411333780742876,-20.407870601934288,0.0034631788085891626,-20.191333780742873,-20.189256338848857,0.0020774418940165563
3,99,93611012695.60083,497887511071.74493,60540301.15146146,403919397697.0771,93671552996.75229,597465013286.0939,0.1566803253980255,0.0006467219978521448,0.15678165401109107,0,0,0,0.0,-inf,0,0,0,0.0,256.9917,2.4099190972518847,367.131,142.501,0.0,0.0,0.0431557,0.02,12.7713,182686669.12256673,64.94249538539475,-21.736955461765238,-22.012666101181203,-22.6572172330014,0.0,0.0,13.8,-22.326178357657824,-22.326178357657824,-22.326178357657824,-21.031705223159438,-22.091705223159437,-22.090422754697073,-22.87042275469707,-22.87042275469707,-22.87042275469707,-22.87042275469707,-22.87042275469707,-22.87042275469707,-22.87042275469707,-22.87042275469707,-22.87042275469707,-7.346102676705076,-7.234773347469127,0.11132932923594913,-14.106102676705076,-13.979943243061912,0.1261594336431637,-20.556102676705077,-20.488682685178965,0.06741999152611046,-21.046102676705075,-20.995209169226236,0.050893507478838564,-21.7882812497353,-21.751212795482918,0.037068454252382574,-21.898281249735298,-21.870428221069,0.027853028666297058,-21.9282812497353,-21.90835120477473,0.019930044960569517,-22.06343735258184,-22.047025212074114,0.01641214050772567,-22.01343735258184,-22.0011825682381,0.012254784343739547,-21.87343735258184,-21.865714007552025,0.0077233450298118626,-21.393437352581838,-21.388453044774476,0.004984307807360682,-20.50343735258184,-20.501197059427945,0.0022402931538972634,-19.92343735258184,-19.921904187688302,0.0015331648935380474,-19.63343735258184,-19.63240120517954,0.0010361474022981781,-19.413437352581838,-19.41281580338069,0.0006215492011478225
4,99,89881458517.86241,276433421907.2926,4974904.044877472,186257750221.4349,89886433421.90729,331720106288.7511,0.2709557148146566,5.53496141130019e-05,0.27097071210891327,0,0,0,0.0,-inf,0,0,0,0.0,255.79399999999998,2.4078903532878577,365.42,158.472,0.0,0.0,0.0327545,0.02,5.4216,973341617.83199,35.83006943570683,-21.99211739587934,-21.86690926323731,-22.420626474474325,0.0,0.0,13.8,-22.278104821194148,-22.278104821194148,-22.278104821194148,-20.98475376395252,-22.04475376395252,-22.044809010867404,-22.824809010867405,-22.824809010867405,-22.824809010867405,-22.824809010867405,-22.824809010867405,-22.824809010867405,-22.824809010867405,-22.824809010867405,-22.824809010867405,-7.248076287966551,-7.201161474122813,0.04691481384373787,-14.008076287966551,-13.954911983603804,0.05316430436274663,-20.458076287966552,-20.42966511928799,0.02841116867856328,-20.94807628796655,-20.92662947385556,0.021446814110989882,-21.70402003964079,-21.688399181753105,0.01562085788768128,-21.814020039640788,-21.802282614616928,0.011737425023860387,-21.84402003964079,-21.835621405106302,0.008398634534488162,-21.999600471792323,-21.992684302243998,0.006916169548325897,-21.949600471792323,-21.944436235825687,0.005164235966635506,-21.809600471792322,-21.80634581017879,0.0032546616135326486,-21.32960047179232,-21.327500056075035,0.002100415717287081,-20.439600471792325,-20.43865639948908,0.0009440723032448842,-19.859600471792323,-19.858954387368158,0.00064608442416507,-19.569600471792324,-19.56916383337164,0.0004366384206848776,-19.34960047179232,-19.349338547416536,0.00026192437578397015
5,99,72099793327.4284,389099498080.8975,40581635.665780924,316758193091.2312,72140374963.0942,466919397697.077,0.1544159306360721,0.0005628537030818748,0.15450284421444546,0,0,0,0.0,-inf,0,0,0,0.0,183.4504,2.2635186630399273,262.072,109.571,0.0,0.0,0.0328145,0.02,15.2485,98702896.82720514,53.39429159654426,-21.67636204006612,-21.833354655989627,-22.79132911811205,0.0,0.0,13.8,-22.042760118505235,-22.042760118505235,-22.042760118505235,-20.748114931068447,-21.808114931068445,-21.806627612721982,-22.586627612721983,-22.586627612721983,-22.586627612721983,-22.586627612721983,-22.586627612721983,-22.586627612721983,-22.586627612721983,-22.586627612721983,-22.586627612721983,-7.082241519488704,-7.016087750767524,0.06615376872117956,-13.842241519488704,-13.767275452123503,0.07496606736520144,-20.292241519488705,-20.25217942123291,0.040062098255793675,-20.782241519488704,-20.751999737325182,0.030241782163523027,-21.511156072270655,-21.489129370355776,0.0220267019148796,-21.621156072270654,-21.60460533196511,0.01655074030554399,-21.651156072270656,-21.63931330276892,0.011842769501736017,-21.78022775112773,-21.77047537989888,0.009752371228847728,-21.730227751127728,-21.72294575118425,0.007281999943478477,-21.590227751127728,-21.585638408998726,0.004589342129001733,-21.110227751127727,-21.107265991201693,0.0029617599260342575,-20.22022775112773,-20.218896531078283,0.0013312200494486166,-19.64022775112773,-19.639316718639932,0.0009110324877965497,-19.35022775112773,-19.349612054832036,0.0006156962956941173,-19.130227751127727,-19.12985841608921,0.0003693350385182209
6,99,95160466489.51875,230448774726.89697,6229701.801003838,134951874815.47092,95166696191.31976,276538529672.27637,0.3441128677522538,6.546522974107105e-05,0.3441353951801981,0,0,0,0.0,-inf,0,0,0,0.0,277.7985,2.4437298963926635,396.855,173.364,0.0,0.0,0.0362035,0.02,3.6349,2292565511.4233117,22.82521065107072,-22.115100529927116,-22.156710721942392,-22.38137176205363,0.0,0.0,13.8,-22.34304832522514,-22.34304832522514,-22.34304832522514,-21.048717396303708,-22.10871739630371,-22.10760429451269,-22.88760429451269,-22.88760429451269,-22.88760429451269,-22.88760429451269,-22.88760429451269,-22.88760429451269,-22.88760429451269,-22.88760429451269,-22.88760429451269,-7.348128389533702,-7.304900927271537,0.04322746226216513,-14.108128389533702,-14.05914262635473,0.04898576317897179,-20.558128389533703,-20.531950246187183,0.026178143346518534,-21.0481283895337,-21.02836722516642,0.01976116436728082,-21.79115771022357,-21.77676460089372,0.014393109329848029,-21.90115771022357,-21.890342808581543,0.010814901642024565,-21.93115771022357,-21.923419181011827,0.00773852921174414,-22.072562240766565,-22.066189659620985,0.006372581145579869,-22.022562240766565,-22.01780389692864,0.004758343837922945,-21.882562240766564,-21.879563384956462,0.0029988558101009975,-21.402562240766564,-21.400626910884274,0.0019353298822905823,-20.512562240766563,-20.511692369471813,0.0008698712947514081,-19.932562240766565,-19.931966936474048,0.0005953042925160435,-19.642562240766566,-19.642159920703754,0.0004023200628107429,-19.422562240766567,-19.422320902793714,0.0002413379728512771
7,99,61166814289.93209,384028638913.49274,34853852.96722764,322640980218.4824,61201668142.899315,460834366696.1913,0.1327305832862435,0.0005698163844534977,0.13280621534731804,0,0,0,0.0,-inf,0,0,0,0.0,185.73099999999997,2.268884397037164,265.33,122.759,0.0,0.0,0.0346967,0.02,11.8123,139539464.7235548,57.68991388569277,-21.66702347544775,-22.03280899015524,-22.38585950890554,0.0,0.0,13.8,-21.863170770945594,-21.863170770945594,-21.863170770945594,-20.56899322058425,-21.62899322058425,-21.628062846967765,-22.408062846967763,-22.408062846967763,-22.408062846967763,-22.408062846967763,-22.408062846967763,-22.408062846967763,-22.408062846967763,-22.408062846967763,-22.408062846967763,-6.864589774322678,-6.795548746438942,0.06904102788373571,-13.624589774322677,-13.546351837960968,0.0782379363617093,-20.07458977432268,-20.03277917915588,0.041810595166797825,-20.564589774322677,-20.533028099667288,0.03156167465538803,-21.31144479759064,-21.288456747620252,0.02298804997038756,-21.421444797590638,-21.404171705746883,0.017273091843756055,-21.45144479759064,-21.439085154365532,0.012359643225106832,-21.59460618858238,-21.584428178365286,0.010178010217093681,-21.544606188582378,-21.537006368181125,0.007599820401254002,-21.404606188582378,-21.399816546147463,0.004789642434913449,-20.924606188582377,-20.92151516363261,0.0030910249497667036,-20.03460618858238,-20.033216867878057,0.0013893207043236037,-19.454606188582378,-19.45365539438563,0.000950794196745639,-19.16460618858238,-19.163963620427296,0.0006425681550826148,-18.944606188582377,-18.944220734039337,0.00038545454303971245
8,99,37324033067.61146,461188367286.6844,25704605845.88131,398072040153.5282,63028638913.49277,553426040744.0212,0.06744177237744965,0.6886877899641264,0.11388809754733913,0,0,0,0.0,-inf,0,0,0,0.0,134.351,2.1282409033174985,191.93,90.3183,3.97566,1.0651742786740654e-10,0.0269349,0.02,30.8631,12472674.848326119,40.20224665354405,-21.183824635419455,-21.717782664417022,-22.03170389832145,0.0,0.0,13.8,-21.325789701176156,-21.325789701176156,-21.325789701176156,-20.031883799974654,-21.091883799974653,-21.091277195556685,-21.871277195556683,-21.871277195556683,-21.871277195556683,-21.871277195556683,-21.871277195556683,-21.871277195556683,-21.871277195556683,-21.871277195556683,-21.871277195556683,-6.333118207653268,-6.268755913570967,0.06436229408230075,-13.093118207653268,-13.02018225604802,0.07293595160524712,-19.54311820765327,-19.50414100953836,0.03897719811491104,-20.033118207653267,-20.00369538693106,0.02942282072220602,-20.770820083824326,-20.74938987517992,0.021430208644406003,-20.880820083824325,-20.864717545217417,0.0161025386069073,-20.910820083824326,-20.899298021995435,0.011522061828891747,-21.050135416267867,-21.040647143760275,0.00948827250759349,-21.000135416267867,-20.993050616249217,0.007084800018648162,-20.860135416267866,-20.8556703556453,0.004465060622563348,-20.380135416267866,-20.377253862169805,0.0028815540980594223,-19.49013541626787,-19.488840246272762,0.0012951699951061996,-18.910135416267867,-18.909249054960995,0.0008863613068701686,-18.620135416267868,-18.619536393312487,0.0005990229553794255,-18.400135416267865,-18.39977608299293,0.0003593332749370193
9,99,64839828757.01211,292537643932.6838,34071449.66046649,227509595512.25272,64873900206.67258,351045172719.2205,0.18470508582914913,0.0005254710000569185,0.1848021429953154,0,0,0,0.0,-inf,0,0,0,0.0,180.7232,2.2570139078748905,258.176,111.081,0.0,0.0,0.0350092,0.02,11.2461,163187956.7244227,44.4106613606802,-21.360723471795446,-21.957965033289312,-22.326841659669295,0.0,0.0,13.8,-21.92641718630386,-21.92641718630386,-21.92641718630386,-20.63235438272258,-21.692354382722577,-21.691560750148355,-22.471560750148353,-22.471560750148353,-22.471560750148353,-22.471560750148353,-22.471560750148353,-22.471560750148353,-22.471560750148353,-22.471560750148353,-22.471560750148353,-6.938424259428459,-6.885358883425945,0.05306537600251355,-13.698424259428458,-13.638290080695107,0.06013417873335096,-20.14842425942846,-20.116288368329744,0.032135891098713926,-20.638424259428458,-20.61416575424401,0.024258505184447225,-21.383400407909644,-21.36573164554276,0.01766876236688469,-21.493400407909643,-21.4801241989436,0.01327620896604283,-21.523400407909644,-21.51390070700569,0.009499700903956547,-21.66074597161801,-21.652923087809892,0.007822883808118018,-21.61074597161801,-21.604904701006813,0.005841270611197276,-21.47074597161801,-21.467064621781294,0.0036813498367128344,-20.990745971618008,-20.9883701900542,0.0023757815638078164,-20.10074597161801,-20.09967813083083,0.0010678407871789037,-19.52074597161801,-19.520015185111813,0.0007307865061957008,-19.23074597161801,-19.230252089620567,0.0004938819974424661,-19.010745971618007,-19.010449708788713,0.0002962628292951282
10,99,61181724239.74018,299521700620.0177,79760850.31000885,238128136994.39032,61261485090.050186,359426040744.02124,0.17022062205924876,0.0013036711747035192,0.1704425337775675,0,0,0,0.0,-inf,0,0,0,0.0,147.0315,2.1674103878818185,210.045,107.532,0.0,0.0,0.0358238,0.02,11.954,136284145.82652554,12.377057948145831,-21.65885304832521,-21.468369539605966,-22.055930983222627,0.0,0.0,13.8,-21.862402698670053,-21.862402698670053,-21.862402698670053,-20.568558869101782,-21.62855886910178,-21.628026270633534,-22.40802627063353,-22.40802627063353,-22.40802627063353,-22.40802627063353,-22.40802627063353,-22.40802627063353,-22.40802627063353,-22.40802627063353,-22.40802627063353,-6.873942425340669,-6.818344865690243,0.055597559650426405,-13.633942425340669,-13.570938752493829,0.06300367284683935,-20.08394242534067,-20.050273067712908,0.03366935762776325,-20.573942425340668,-20.548526348218015,0.02541607712265335,-21.309777757633096,-21.29126587392204,0.018511883711057664,-21.419777757633096,-21.40586803201679,0.013909725616306372,-21.449777757633097,-21.439824748204803,0.009953009428293061,-21.58916835233465,-21.5809721746775,0.00819617765715247,-21.53916835233465,-21.533048346867712,0.006120005466934603,-21.399168352334648,-21.395311335150204,0.0038570171844449857,-20.919168352334648,-20.916679202776866,0.002489149557781929,-20.02916835233465,-20.028049556118837,0.0011187962158135886,-19.44916835233465,-19.44840269401974,0.0007656583149060822,-19.15916835233465,-19.15865090318265,0.0005174491520003291,-18.939168352334647,-18.938857952379635,0.00031039995501322334
11,99,37487599645.70416,276783289046.35376,9942766459.994095,229300265721.87778,47430366105.69826,332139946855.6245,0.11286688036353355,0.26522814354515417,0.14280235351008658,0,0,0,0.0,-inf,0,0,0,0.0,115.01489999999998,2.060754106167604,164.307,83.1497,1.0581,2.8225333443595168e-11,0.0347618,0.02,16.9722,41424900.96227226,83.46949768228686,-21.296940999445592,-21.64364232813132,-22.11348891632552,0.0,0.0,13.8,-21.331296011805904,-21.331296011805904,-21.331296011805904,-20.037317553089707,-21.09731755308971,-21.09662445251005,-21.87662445251005,-21.87662445251005,-21.87662445251005,-21.87662445251005,-21.87662445251005,-21.87662445251005,-21.87662445251005,-21.87662445251005,-21.87662445251005,-6.326695204805752,-6.276845403831027,0.04984980097472447,-13.086695204805752,-13.030204945667776,0.056490259137974695,-19.536695204805753,-19.50650663560876,0.030188569196992556,-20.02669520480575,-20.003906679660243,0.022788525145506097,-20.777261614181377,-20.76066351663059,0.01659809755078685,-20.887261614181377,-20.874789896754468,0.012471717426910143,-20.917261614181378,-20.908337561719012,0.008924052462366664,-21.062621350551968,-21.055272505970812,0.007348844581156009,-21.012621350551967,-21.007134040382077,0.0054873101698911676,-20.872621350551967,-20.86916307755924,0.0034582729927283783,-20.392621350551966,-20.390389532989612,0.002231817562352324,-19.50262135055197,-19.50161821715834,0.0010031333936282676,-18.922621350551967,-18.92193484713612,0.0006865034158458497,-18.632621350551968,-18.632157396065406,0.0004639544865627663,-18.412621350551966,-18.41234304020746,0.0002783103445054524
12,99,36748892825.5093,239012400354.29584,1277044582.2261589,200928550339.53354,38025937407.73546,286814880425.15497,0.12812756706010242,0.034750559378477285,0.13258007168724434,0,0,0,0.0,-inf,0,0,0,0.0,119.90649999999998,2.0788427263650493,171.295,93.104,0.245181,6.6717928391520746e-12,0.0540172,0.02,12.2299,78207530.82614906,30.790557686471665,-21.263707934241047,-21.97409002129489,-21.719324843326174,0.0,0.0,13.8,-21.312167365261942,-21.312167365261942,-21.312167365261942,-20.017275271629394,-21.077275271629397,-21.075494105725532,-21.85549410572553,-21.85549410572553,-21.85549410572553,-21.85549410572553,-21.85549410572553,-21.85549410572553,-21.85549410572553,-21.85549410572553,-21.85549410572553,-6.341219760551397,-6.2743220290891015,0.06689773146229502,-13.101219760551396,-13.025410627673137,0.07580913287825974,-19.551219760551398,-19.510707125477985,0.040512635073413794,-20.041219760551396,-20.010637880467687,0.03058188008370982,-20.784836058838927,-20.762561645480677,0.022274413358250183,-20.894836058838926,-20.87809918954386,0.016736869295066858,-20.924836058838927,-20.912860106006427,0.011975952832500502,-21.056426304043267,-21.04656425802231,0.00986204602095774,-21.006426304043266,-20.999062411008232,0.007363893035035911,-20.866426304043266,-20.861785350349024,0.004640953694241488,-20.386426304043265,-20.383431236278906,0.002995067764358409,-19.49642630404327,-19.495080113144294,0.0013461908989733024,-18.916426304043267,-18.915505026119117,0.0009212779241483771,-18.626426304043267,-18.62580368365069,0.0006226203925776949,-18.406426304043265,-18.406052815477096,0.00037348856616989693
13,99,21182609979.332745,305757307351.6386,10732211.39651609,284433126660.7617,21193342190.72926,366908768821.9663,0.05773263486545643,0.0005066519851419252,0.057761885219518486,0,0,0,0.0,-inf,0,0,0,0.0,153.2629,2.1854370389035718,218.947,80.5503,0.0,0.0,0.0347206,0.02,27.1129,9172287.367213527,2.4302963420660886,-20.67038170948466,-20.829644574010917,-21.48999863305755,0.0,0.0,13.8,-20.708200773645594,-20.708200773645594,-20.708200773645594,-19.41497348981097,-20.47497348981097,-20.475176482332465,-21.255176482332466,-21.255176482332466,-21.255176482332466,-21.255176482332466,-21.255176482332466,-21.255176482332466,-21.255176482332466,-21.255176482332466,-21.255176482332466,-5.6582717540198075,-5.60326671197642,0.05500504204338828,-12.418271754019807,-12.355939527648399,0.062332226371408735,-18.86827175401981,-18.83496121946517,0.03331053455463651,-19.358271754019807,-19.33312654262025,0.0251452113995587,-20.137633814039894,-20.11931921627281,0.01831459776708441,-20.247633814039894,-20.23387232797562,0.013761486064272948,-20.277633814039895,-20.267786876413428,0.009846937626466507,-20.43892785797398,-20.430819029107003,0.008108828866975165,-20.38892785797398,-20.382873074991934,0.00605478298204267,-20.248927857973978,-20.245111946021613,0.0038159119523664274,-19.768927857973978,-19.766465235928354,0.0024626220456247364,-18.878927857973977,-18.877820985059486,0.001106872914490199,-18.29892785797398,-18.298170359478235,0.0007574984957447837,-18.00892785797398,-18.008415923411743,0.0005119345622371292,-17.78892785797398,-17.78862076603176,0.0003070919422204754
14,99,27633599055.2111,178943017419.54535,0.0,151200177147.91852,27633599055.2111,214731620903.4544,0.12868900695177754,0.0,0.12868900695177754,0,0,0,0.0,-inf,0,0,0,0.0,144.57029999999997,2.1600790822328055,206.529,93.5659,0.0,0.0,0.0,0.02,10.0341,87363641.79095012,64.36223994595085,-21.1731322123535,-21.27075154168691,-21.52140027426267,0.0,0.0,13.8,-21.000104527919625,-21.000104527919625,-21.000104527919625,-19.705797285230297,-20.7657972852303,-20.764712398435663,-21.544712398435664,-21.544712398435664,-21.544712398435664,-21.544712398435664,-21.544712398435664,-21.544712398435664,-21.544712398435664,-21.544712398435664,-21.544712398435664,-6.021361282982326,-6.021361282982326,0.0,-12.781361282982326,-12.781361282982326,0.0,-19.231361282982327,-19.231361282982327,0.0,-19.721361282982325,-19.721361282982325,0.0,-20.466290037916725,-20.466290037916725,0.0,-20.576290037916724,-20.576290037916724,0.0,-20.606290037916725,-20.606290037916725,0.0,-20.73708561237877,-20.73708561237877,0.0,-20.68708561237877,-20.68708561237877,0.0,-20.54708561237877,-20.54708561237877,0.0,-20.06708561237877,-20.06708561237877,0.0,-19.177085612378768,-19.177085612378768,0.0,-18.59708561237877,-18.59708561237877,0.0,-18.30708561237877,-18.30708561237877,0.0,-18.08708561237877,-18.08708561237877,0.0
15,99,33349867139.06111,114774431650.4281,10451727.192205492,81287274874.52022,33360318866.25332,137729317980.5137,0.2421406540601583,0.00031339636672686716,0.24221654006137766,0,0,0,0.0,-inf,0,0,0,0.0,191.67749999999998,2.2825711363556844,273.825,120.689,0.0,0.0,0.0381801,0.02,3.5776,829393584.417361,49.36277957272914,-20.803086047084314,-21.1591793478642,-21.61338007806558,0.0,0.0,13.8,-21.207616601330436,-21.207616601330436,-21.207616601330436,-19.91229638765127,-20.97229638765127,-20.97000605497771,-21.750006054977707,-21.750006054977707,-21.750006054977707,-21.750006054977707,-21.750006054977707,-21.750006054977707,-21.750006054977707,-21.750006054977707,-21.750006054977707,-6.282202279644501,-6.259500962748006,0.022701316896495426,-13.042202279644501,-13.016476935727752,0.025725343916749674,-19.492202279644502,-19.47845457629178,0.013747703352721288,-19.9822022796445,-19.971824514421442,0.010377765223058603,-20.698855730184853,-20.69129705061118,0.007558679573673855,-20.808855730184852,-20.803176180737996,0.00567954944685507,-20.838855730184854,-20.83479176726047,0.004063962924382683,-20.95119953576057,-20.94785291357958,0.003346622180989317,-20.90119953576057,-20.89870064580233,0.002498889958241204,-20.761199535760568,-20.75962465783553,0.0015748779250357372,-20.281199535760567,-20.280183178688976,0.0010163570715921817,-19.39119953576057,-19.390742714497236,0.00045682126333380127,-18.81119953576057,-18.810886905994973,0.0003126297655941515,-18.52119953576057,-18.520988253516325,0.00021128224424311057,-18.301199535760567,-18.30107279480669,0.0001267409538785227
16,99,34457189253.026276,97218334809.566,6657809.270741069,62567020962.50369,34463847062.29702,116662001771.47919,0.2953591463355994,0.00019321974354470403,0.29541621555410796,0,0,0,0.0,-inf,0,0,0,0.0,171.9914,2.2355067316405677,245.702,103.373,0.0,0.0,0.0413071,0.02,4.3564,577928985.6758065,0.8455362846291847,-20.92459668947633,-21.508903003059068,-22.234395810319057,0.0,0.0,13.8,-21.239849592962877,-21.239849592962877,-21.239849592962877,-19.945457774760555,-21.005457774760558,-21.004272147959064,-21.78427214795906,-21.78427214795906,-21.78427214795906,-21.78427214795906,-21.78427214795906,-21.78427214795906,-21.78427214795906,-21.78427214795906,-21.78427214795906,-6.275042284098806,-6.254235203840605,0.02080708025820025,-13.035042284098806,-13.011463506797641,0.023578777301163867,-19.485042284098807,-19.472441712584377,0.012600571514428758,-19.975042284098805,-19.96553045732323,0.009511826775576826,-20.703020836103192,-20.69609286565758,0.00692797044561456,-20.813020836103192,-20.8078151979585,0.005205638144691678,-20.843020836103193,-20.839295977183355,0.0037248589198380262,-20.97383127062468,-20.970763896311936,0.003067374312741642,-20.923831270624678,-20.92154089231074,0.00229037831393659,-20.783831270624678,-20.78238780320239,0.0014434674222862025,-20.303831270624677,-20.302899720122298,0.0009315505023795599,-19.413831270624677,-19.413412567307457,0.0004187033172206063,-18.833831270624678,-18.833544727220456,0.00028654340422092664,-18.54383127062468,-18.543637618131605,0.00019365249307531316,-18.32383127062468,-18.32371510515237,0.0001161654723104803
17,99,8527354591.083554,231247416592.85504,8177310304.103926,214512843224.0921,16704664895.18748,277496899911.426,0.030729549028495066,0.9589504243970757,0.060197663110901155,0,0,0,0.0,-inf,0,0,0,0.0,90.43229999999998,1.9563235765628118,129.189,63.0978,0.599846,7.034373832972961e-11,0.0165284,0.02,27.492,3591300.7759799175,76.57489679417763,-20.124005087361233,-20.581104723468183,-20.692869156489014,0.0,0.0,13.8,-19.72919021127649,-19.72919021127649,-19.72919021127649,-18.43315020864601,-19.493150208646007,-19.490004814704385,-20.270004814704382,-20.270004814704382,-20.270004814704382,-20.270004814704382,-20.270004814704382,-20.270004814704382,-20.270004814704382,-20.270004814704382,-20.270004814704382,-4.852537835982027,-4.832734266359385,0.019803569622642278,-11.612537835982026,-11.59009624628727,0.02244158969475544,-18.062537835982027,-18.05054498104157,0.01199285494045848,-18.552537835982026,-18.5434847578254,0.00905307815662465,-19.250176379688973,-19.24358254031503,0.006593839373944111,-19.360176379688973,-19.355221805757918,0.004954573931056727,-19.390176379688974,-19.386631168057253,0.003545211631721411,-19.482108278755927,-19.4791888417178,0.002919437038127611,-19.432108278755926,-19.429928363753948,0.002179915001979071,-19.292108278755926,-19.29073442873754,0.0013738500183847217,-18.812108278755925,-18.811221656269637,0.0008866224862861515,-17.92210827875593,-17.921709769200962,0.00039850955496467005,-17.342108278755926,-17.34183555513565,0.0002727236202764032,-17.052108278755927,-17.05192396598443,0.00018431277150016302,-16.832108278755925,-16.831997715861462,0.00011056289446190209
18,99,21380425155.00443,156417183348.09567,1850014762.3265424,133154561558.90169,23230439917.33097,187700620017.7148,0.11390705663618259,0.08652843659161366,0.12376325616366386,0,0,0,0.0,-inf,0,0,0,0.0,94.7156,1.9764215147578048,135.308,72.5644,0.257232,1.2031191996188661e-11,0.0431845,0.02,12.5994,42871308.24135459,51.66399838050002,-20.84099938085237,-21.109105391978982,-21.312251235026665,0.0,0.0,13.8,-20.72112896063674,-20.72112896063674,-20.72112896063674,-19.426964182308947,-20.486964182308945,-20.486049027258375,-21.266049027258376,-21.266049027258376,-21.266049027258376,-21.266049027258376,-21.266049027258376,-21.266049027258376,-21.266049027258376,-21.266049027258376,-21.266049027258376,-5.723497270377756,-5.688497717417795,0.03499955295996091,-12.483497270377756,-12.44383545071625,0.03966181966150546,-18.933497270377757,-18.91230187128416,0.021195399093595392,-19.423497270377755,-19.407497443355098,0.01599982702265844,-20.171302010046514,-20.15964848319376,0.011653526852753353,-20.281302010046513,-20.272545615315746,0.008756394730765957,-20.311302010046514,-20.305036431435028,0.006265578611486081,-20.456408867916682,-20.45124924300177,0.005159624914913979,-20.40640886791668,-20.40255622659929,0.003852641317388922,-20.26640886791668,-20.263980813914614,0.0024280540020685287,-19.78640886791668,-19.784841908461615,0.0015669594550663656,-18.896408867916684,-18.895704567806156,0.0007043001105260065,-18.31640886791668,-18.315926873762436,0.0004819941542449396,-18.026408867916683,-18.026083125400042,0.00032574251663910006,-17.80640886791668,-17.80621346618084,0.0001954017358416823
19,99,5643091231.178034,198139946855.62445,16468703867.729553,176011219368.17242,22111795098.907585,237767936226.74933,0.023733609000149012,2.9183834166529325,0.09299737992350866,0,0,0,0.0,-inf,0,0,0,0.0,85.0927,1.9298923040833629,121.561,71.6129,1.38977,2.4627813782657486e-10,0.0111343,0.02,19.645,4654393.876445693,20.281565596022308,-19.748529021496783,-19.884346427736713,-20.430978905429406,0.0,0.0,13.8,-19.268958510205856,-19.268958510205856,-19.268958510205856,-17.976585729501675,-19.036585729501674,-19.03780973271489,-19.817809732714892,-19.817809732714892,-19.817809732714892,-19.817809732714892,-19.817809732714892,-19.817809732714892,-19.817809732714892,-19.817809732714892,-19.817809732714892,-4.1893464801452325,-4.177915821516575,0.01143065862865729,-10.949346480145232,-10.936393151236699,0.01295332890853424,-17.399346480145233,-17.392424181114322,0.006922299030910583,-17.88934648014523,-17.884121025950922,0.005225454194309201,-18.65536353620406,-18.651557559384123,0.003805976819935454,-18.76536353620406,-18.762503746563326,0.0028597896407323393,-18.79536353620406,-18.79331723320411,0.0020463029999510576,-18.97730873875287,-18.97562363405677,0.0016851046961018805,-18.92730873875287,-18.926050487604115,0.0012582511487535997,-18.78730873875287,-18.78651574986923,0.0007929888836392009,-18.30730873875287,-18.306796978541637,0.000511760211231866,-17.417308738752872,-17.41707871826819,0.0002300204846832812,-16.83730873875287,-16.837151322152593,0.00015741660027729807,-16.54730873875287,-16.547202353065238,0.00010638568763437795,-16.32730873875287,-16.32724492163668,6.381711619027012e-05
20,99,18321228225.568348,155264245645.11368,3438603483.9090643,133444493652.19957,21759831709.477413,186317094774.1364,0.09833358687660047,0.18768411383633612,0.11678923898988361,0,0,0,0.0,-inf,0,0,0,0.0,108.7464,2.0364148887437934,155.352,85.6443,0.83169,4.539488236052471e-11,0.0216531,0.02,10.6462,51453565.03155978,89.50811098686488,-20.557549916737937,-21.08066991659872,-21.58045814053394,0.0,0.0,13.8,-20.54992867853074,-20.54992867853074,-20.54992867853074,-19.256492934237954,-20.316492934237957,-20.31644711335894,-21.096447113358938,-21.096447113358938,-21.096447113358938,-21.096447113358938,-21.096447113358938,-21.096447113358938,-21.096447113358938,-21.096447113358938,-21.096447113358938,-5.5368405854358045,-5.519422684728392,0.01741790070741258,-12.296840585435804,-12.277102457993728,0.019738127442076273,-18.746840585435805,-18.736292469084475,0.010548116351330662,-19.236840585435804,-19.228878100922493,0.007962484513309413,-19.988052898139344,-19.982253396247287,0.005799501892056477,-20.098052898139343,-20.09369518493798,0.004357713201362058,-20.128052898139345,-20.124934766137653,0.0031181320016915566,-20.281686683945143,-20.279118941592596,0.0025677423525458693,-20.231686683945142,-20.2297693759154,0.0019173080297432003,-20.09168668394514,-20.09047833698229,0.0012083469628496825,-19.61168668394514,-19.610906869864884,0.000779814080257263,-18.721686683945144,-18.721336181485658,0.0003505024594855679,-18.141686683945142,-18.1414468144151,0.00023986953004216424,-17.851686683945143,-17.851524574708563,0.0001621092365806284,-17.63168668394514,-17.63158944018786,9.724375727998686e-05
21,99,33260407440.212578,43577206967.81813,0.0,10316829052.258636,33260407440.212578,52292648361.38175,0.6360436597197756,0.0,0.6360436597197756,0,0,0,0.0,-inf,0,0,0,0.0,202.1719,2.3057207925853462,288.817,140.857,0.0,0.0,0.0,0.02,0.7686,17921606280.16918,22.1791879108456,-21.045836905492177,-21.451963382093666,-21.89298956750921,0.0,0.0,13.8,-21.20173817184122,-21.20173817184122,-21.20173817184122,-19.907488019230897,-20.9674880192309,-20.96647114357757,-21.746471143577573,-21.746471143577573,-21.746471143577573,-21.746471143577573,-21.746471143577573,-21.746471143577573,-21.746471143577573,-21.746471143577573,-21.746471143577573,-6.2224828621441794,-6.2224828621441794,0.0,-12.98248286214418,-12.98248286214418,0.0,-19.43248286214418,-19.43248286214418,0.0,-19.92248286214418,-19.92248286214418,0.0,-20.65426240013111,-20.65426240013111,0.0,-20.76426240013111,-20.76426240013111,0.0,-20.79426240013111,-20.79426240013111,0.0,-20.931825234489185,-20.931825234489185,0.0,-20.881825234489185,-20.881825234489185,0.0,-20.741825234489184,-20.741825234489184,0.0,-20.261825234489184,-20.261825234489184,0.0,-19.371825234489187,-19.371825234489187,0.0,-18.791825234489185,-18.791825234489185,0.0,-18.501825234489186,-18.501825234489186,0.0,-18.281825234489183,-18.281825234489183,0.0
22,99,20326985532.919987,140583259521.70065,0.0,120067611455.5654,20326985532.919987,168699911426.04077,0.12049197513557368,0.0,0.12049197513557368,0,0,0,0.0,-inf,0,0,0,0.0,194.27450000000002,2.288415799899508,277.535,107.425,0.0,0.0,0.0,0.02,6.5284,151813220.44928655,54.92754268209653,-20.877244670785068,-21.162689840710623,-21.187793287609253,0.0,0.0,13.8,-20.669295804233045,-20.669295804233045,-20.669295804233045,-19.374073435706975,-20.434073435706978,-20.43189943235189,-21.21189943235189,-21.21189943235189,-21.21189943235189,-21.21189943235189,-21.21189943235189,-21.21189943235189,-21.21189943235189,-21.21189943235189,-21.21189943235189,-5.718242053520878,-5.718242053520878,0.0,-12.478242053520878,-12.478242053520878,0.0,-18.92824205352088,-18.92824205352088,0.0,-19.418242053520878,-19.418242053520878,0.0,-20.163550263555727,-20.163550263555727,0.0,-20.273550263555727,-20.273550263555727,0.0,-20.303550263555728,-20.303550263555728,0.0,-20.425833777772162,-20.425833777772162,0.0,-20.37583377777216,-20.37583377777216,0.0,-20.23583377777216,-20.23583377777216,0.0,-19.75583377777216,-19.75583377777216,0.0,-18.86583377777216,-18.86583377777216,0.0,-18.28583377777216,-18.28583377777216,0.0,-17.995833777772162,-17.995833777772162,0.0,-17.775833777772164,-17.775833777772164,0.0
23,99,18246826099.793327,127525538824.91881,0.0,109124151166.2238,18246826099.793327,153030646589.90256,0.11923641771371375,0.0,0.11923641771371375,0,0,0,0.0,-inf,0,0,0,0.0,156.18679999999998,2.1936443270483172,223.124,88.8472,0.0,0.0,0.0,0.02,9.7132,61562010.975716665,75.7293615830832,-20.60748872380939,-20.626942555847812,-21.3118285664666,0.0,0.0,13.8,-20.550228396195713,-20.550228396195713,-20.550228396195713,-19.255657879251682,-20.31565787925168,-20.31425945644648,-21.094259456446476,-21.094259456446476,-21.094259456446476,-21.094259456446476,-21.094259456446476,-21.094259456446476,-21.094259456446476,-21.094259456446476,-21.094259456446476,-5.582002456835436,-5.582002456835436,0.0,-12.342002456835436,-12.342002456835436,0.0,-18.792002456835437,-18.792002456835437,0.0,-19.282002456835436,-19.282002456835436,0.0,-20.00607953643353,-20.00607953643353,0.0,-20.116079536433528,-20.116079536433528,0.0,-20.14607953643353,-20.14607953643353,0.0,-20.27891268090708,-20.27891268090708,0.0,-20.22891268090708,-20.22891268090708,0.0,-20.08891268090708,-20.08891268090708,0.0,-19.60891268090708,-19.60891268090708,0.0,-18.71891268090708,-18.71891268090708,0.0,-18.13891268090708,-18.13891268090708,0.0,-17.84891268090708,-17.84891268090708,0.0,-17.628912680907078,-17.628912680907078,0.0
24,99,16138322999.704754,133467227635.07529,280484.20431059937,117285651018.60052,16138603483.909065,160160673162.09033,0.10076333147883308,1.73800093303208e-05,0.10076508274647435,0,0,0,0.0,-inf,0,0,0,0.0,104.74869999999999,2.0201486417927015,149.641,80.0464,0.0,0.0,0.0333499,0.02,9.3439,58837223.02531615,61.00577492250914,-20.406404686976796,-20.710332091535694,-20.937726958743525,0.0,0.0,13.8,-20.425098382537236,-20.425098382537236,-20.425098382537236,-19.128073675330626,-20.188073675330628,-20.183760524200153,-20.96376052420015,-20.96376052420015,-20.96376052420015,-20.96376052420015,-20.96376052420015,-20.96376052420015,-20.96376052420015,-20.96376052420015,-20.96376052420015,-5.545350374171019,-5.52229034386061,0.023060030310408295,-12.305350374171018,-12.279218532869887,0.026131841301132015,-18.75535037417102,-18.741385437358865,0.013964936812154534,-19.245350374171018,-19.234808625351373,0.01054174881964565,-19.949862780147413,-19.942184662579596,0.007678117567817914,-20.059862780147412,-20.054093485661497,0.005769294485914142,-20.089862780147413,-20.08573460077157,0.004128179375845272,-20.181226143682427,-20.17782664006407,0.0033995036183567034,-20.131226143682426,-20.128687767673572,0.002538376008852289,-19.991226143682425,-19.989626380424106,0.0015997632583210851,-19.511226143682425,-19.51019372670926,0.0010324169731638657,-18.621226143682428,-18.62076210398698,0.0004640396954479204,-18.041226143682426,-18.04090857391749,0.00031756976493508714,-17.751226143682427,-17.75101152287525,0.00021462080717658163,-17.531226143682424,-17.53109740003943,0.00012874364299367958
25,99,23245792736.93534,68453351048.12518,0.0,45042515500.44287,23245792736.93534,82144021257.75021,0.2829882489438283,0.0,0.2829882489438283,0,0,0,0.0,-inf,0,0,0,0.0,195.26009999999997,2.2906135073934903,278.943,125.025,0.0,0.0,0.0,0.02,1.6777,2628850442.8676,82.00656292007419,-20.585446007907542,-21.324305261261944,-22.025871987584157,0.0,0.0,13.8,-20.80831019618084,-20.80831019618084,-20.80831019618084,-19.515006474422854,-20.575006474422857,-20.57511822030532,-21.35511822030532,-21.35511822030532,-21.35511822030532,-21.35511822030532,-21.35511822030532,-21.35511822030532,-21.35511822030532,-21.35511822030532,-21.35511822030532,-5.783315704141103,-5.783315704141103,0.0,-12.543315704141103,-12.543315704141103,0.0,-18.993315704141104,-18.993315704141104,0.0,-19.483315704141102,-19.483315704141102,0.0,-20.239437546204165,-20.239437546204165,0.0,-20.349437546204165,-20.349437546204165,0.0,-20.379437546204166,-20.379437546204166,0.0,-20.53543071907534,-20.53543071907534,0.0,-20.48543071907534,-20.48543071907534,0.0,-20.34543071907534,-20.34543071907534,0.0,-19.865430719075338,-19.865430719075338,0.0,-18.97543071907534,-18.97543071907534,0.0,-18.39543071907534,-18.39543071907534,0.0,-18.10543071907534,-18.10543071907534,0.0,-17.885430719075337,-17.885430719075337,0.0
26,99,15228373191.615002,96181871863.00562,0.0,80881163271.33156,15228373191.615002,115418246235.60674,0.1319407778951074,0.0,0.1319407778951074,0,0,0,0.0,-inf,0,0,0,0.0,113.66669999999999,2.0556332516319022,162.381,78.6455,0.0,0.0,0.0,0.02,7.3504,89718435.44137935,35.52309751563807,-20.21818337828706,-21.00414212185208,-21.185623990878685,0.0,0.0,13.8,-20.35106641247838,-20.35106641247838,-20.35106641247838,-19.05756023152775,-20.117560231527747,-20.117430362825843,-20.897430362825844,-20.897430362825844,-20.897430362825844,-20.897430362825844,-20.897430362825844,-20.897430362825844,-20.897430362825844,-20.897430362825844,-20.897430362825844,-5.342756170633081,-5.342756170633081,0.0,-12.10275617063308,-12.10275617063308,0.0,-18.55275617063308,-18.55275617063308,0.0,-19.04275617063308,-19.04275617063308,0.0,-19.796605078399253,-19.796605078399253,0.0,-19.906605078399252,-19.906605078399252,0.0,-19.936605078399253,-19.936605078399253,0.0,-20.079342151292156,-20.079342151292156,0.0,-20.029342151292155,-20.029342151292155,0.0,-19.889342151292155,-19.889342151292155,0.0,-19.409342151292154,-19.409342151292154,0.0,-18.519342151292157,-18.519342151292157,0.0,-17.939342151292156,-17.939342151292156,0.0,-17.649342151292156,-17.649342151292156,0.0,-17.429342151292154,-17.429342151292154,0.0
27,99,15099940950.693829,91188662533.21524,0.0,76046501328.60939,15099940950.693829,109426395039.85829,0.13799176099325683,0.0,0.13799176099325683,0,0,0,0.0,-inf,0,0,0,0.0,97.11030000000001,1.987265295777506,138.729,70.1986,0.0,0.0,0.0,0.02,8.1301,72716606.1868028,65.94073238486644,-20.293591307073292,-20.732055447925372,-20.994960282014205,0.0,0.0,13.8,-20.34460479227063,-20.34460479227063,-20.34460479227063,-19.050362317974233,-20.110362317974236,-20.10935459005787,-20.88935459005787,-20.88935459005787,-20.88935459005787,-20.88935459005787,-20.88935459005787,-20.88935459005787,-20.88935459005787,-20.88935459005787,-20.88935459005787,-5.338580857075765,-5.338580857075765,0.0,-12.098580857075765,-12.098580857075765,0.0,-18.548580857075766,-18.548580857075766,0.0,-19.038580857075765,-19.038580857075765,0.0,-19.80006343928494,-19.80006343928494,0.0,-19.91006343928494,-19.91006343928494,0.0,-19.94006343928494,-19.94006343928494,0.0,-20.08185410572351,-20.08185410572351,0.0,-20.03185410572351,-20.03185410572351,0.0,-19.89185410572351,-19.89185410572351,0.0,-19.41185410572351,-19.41185410572351,0.0,-18.521854105723513,-18.521854105723513,0.0,-17.94185410572351,-17.94185410572351,0.0,-17.651854105723512,-17.651854105723512,0.0,-17.43185410572351,-17.43185410572351,0.0
28,99,8145999409.506938,137852819604.36966,532462356.0673161,129133008562.1494,8678461765.574255,165423383525.2436,0.04924333692076767,0.06536489008897989,0.05246212222620826,0,0,0,0.0,-inf,0,0,0,0.0,97.125,1.9873310318089707,138.75,63.7667,0.0520893,6.394464003914391e-12,0.0358232,0.02,17.1753,8789938.538457047,80.72349158353259,-20.224829889041093,-20.64080148646138,-20.65282483281436,0.0,0.0,13.8,-19.672110495333925,-19.672110495333925,-19.672110495333925,-18.378245145271116,-19.438245145271118,-19.437686887580504,-20.217686887580502,-20.217686887580502,-20.217686887580502,-20.217686887580502,-20.217686887580502,-20.217686887580502,-20.217686887580502,-20.217686887580502,-20.217686887580502,-4.662571761295396,-4.636986554903432,0.025585206391964172,-11.422571761295396,-11.393578366920293,0.028993394375103846,-17.872571761295397,-17.85707760167027,0.015494159625126083,-18.362571761295396,-18.350875644002734,0.0116961172926621,-19.11711521042082,-19.10859630476328,0.008518905657540267,-19.22711521042082,-19.22071415247895,0.00640105794186706,-19.25711521042082,-19.25253497700689,0.004580233413933489,-19.395973554260035,-19.392201789846236,0.003771764413797306,-19.345973554260034,-19.343157214766432,0.002816339493603475,-19.205973554260034,-19.204198609795892,0.0017749444641428727,-18.725973554260033,-18.724828083027543,0.0011454712324919206,-17.835973554260036,-17.835458700150035,0.0005148541100026432,-17.255973554260034,-17.25562120919065,0.00035234506938373097,-16.965973554260035,-16.965735431518056,0.00023812274197854518,-16.745973554260033,-16.74583071261441,0.0001428416456226385
29,99,5755624446.412755,122172423974.01831,4564393268.379097,111818423383.52524,10320017714.791851,146606908768.82196,0.0392588896031397,0.7930318092981026,0.07039243785615204,0,0,0,0.0,-inf,0,0,0,0.0,92.35379999999999,1.9654547696742424,131.934,62.4798,0.445549,7.741106184884811e-11,0.0285271,0.02,15.4835,7641951.884794836,76.52960362285096,-20.150400298799436,-20.29824477384209,-20.446135485517775,0.0,0.0,13.8,-19.302155784385782,-19.302155784385782,-19.302155784385782,-18.006774283611602,-19.0667742836116,-19.064411097636096,-19.844411097636094,-19.844411097636094,-19.844411097636094,-19.844411097636094,-19.844411097636094,-19.844411097636094,-19.844411097636094,-19.844411097636094,-19.844411097636094,-4.330857722345861,-4.312802282895747,0.01805543945011373,-11.090857722345861,-11.070397130057758,0.020460592288103385,-17.540857722345862,-17.52992351854637,0.010934203799494314,-18.03085772234586,-18.022603790978497,0.008253931367362972,-18.796818777256966,-18.790806999086232,0.0060117781707346015,-18.906818777256966,-18.90230156085013,0.004517216406835393,-18.936818777256967,-18.933586513822945,0.0032322634340224716,-19.060391348867956,-19.057729620721226,0.0026617281467309233,-19.010391348867955,-19.008403862567526,0.001987486300430729,-18.870391348867955,-18.869138773383174,0.0012525754847813807,-18.390391348867954,-18.38958299164139,0.0008083572265651467,-17.500391348867957,-17.500028017141553,0.00036333172640399695,-16.920391348867955,-16.920142699512997,0.0002486493549570184,-16.630391348867956,-16.630223306027744,0.00016804284021093693,-16.410391348867954,-16.41029054574587,0.00010080312208480715
30,99,10149601417.183348,105774284027.16267,0.0,95588426335.99055,10149601417.183348,126929140832.5952,0.07996273630000768,0.0,0.07996273630000768,0,0,0,0.0,-inf,0,0,0,0.0,93.8826,1.9725851085151485,134.118,65.0499,0.0,0.0,0.0,0.02,11.3326,25155907.828102715,18.785936189739594,-19.83057955976148,-20.528868748132584,-20.775848734788187,0.0,0.0,13.8,-19.91774487025966,-19.91774487025966,-19.91774487025966,-18.621972429826666,-19.681972429826665,-19.679144737116452,-20.45914473711645,-20.45914473711645,-20.45914473711645,-20.45914473711645,-20.45914473711645,-20.45914473711645,-20.45914473711645,-20.45914473711645,-20.45914473711645,-4.980370965448579,-4.980370965448579,0.0,-11.740370965448578,-11.740370965448578,0.0,-18.19037096544858,-18.19037096544858,0.0,-18.680370965448578,-18.680370965448578,0.0,-19.410379384180256,-19.410379384180256,0.0,-19.520379384180256,-19.520379384180256,0.0,-19.550379384180257,-19.550379384180257,0.0,-19.664176074690737,-19.664176074690737,0.0,-19.614176074690736,-19.614176074690736,0.0,-19.474176074690735,-19.474176074690735,0.0,-18.994176074690735,-18.994176074690735,0.0,-18.104176074690734,-18.104176074690734,0.0,-17.524176074690736,-17.524176074690736,0.0,-17.234176074690737,-17.234176074690737,0.0,-17.014176074690738,-17.014176074690738,0.0
31,99,14928402716.268084,59422940655.447296,0.0,44410392677.88603,14928402716.268084,71307528786.53676,0.2093524059844666,0.0,0.2093524059844666,0,0,0,0.0,-inf,0,0,0,0.0,134.15359999999998,2.1276023314183714,191.648,79.7127,0.0,0.0,0.0,0.02,4.8428,202614443.99007654,84.46524760391257,-20.395856788100353,-20.859580698530472,-21.19628487782721,0.0,0.0,13.8,-20.337488946379224,-20.337488946379224,-20.337488946379224,-19.041999622760798,-20.1019996227608,-20.09950828727085,-20.87950828727085,-20.87950828727085,-20.87950828727085,-20.87950828727085,-20.87950828727085,-20.87950828727085,-20.87950828727085,-20.87950828727085,-20.87950828727085,-5.393491096793834,-5.393491096793834,0.0,-12.153491096793834,-12.153491096793834,0.0,-18.603491096793835,-18.603491096793835,0.0,-19.093491096793834,-19.093491096793834,0.0,-19.82595761310975,-19.82595761310975,0.0,-19.93595761310975,-19.93595761310975,0.0,-19.96595761310975,-19.96595761310975,0.0,-20.0835311997616,-20.0835311997616,0.0,-20.0335311997616,-20.0335311997616,0.0,-19.8935311997616,-19.8935311997616,0.0,-19.4135311997616,-19.4135311997616,0.0,-18.5235311997616,-18.5235311997616,0.0,-17.9435311997616,-17.9435311997616,0.0,-17.653531199761602,-17.653531199761602,0.0,-17.433531199761603,-17.433531199761603,0.0
32,99,16140094478.889874,48287274874.52023,0.0,32078978447.003242,16140094478.889874,57944729849.42428,0.2785429239351305,0.0,0.2785429239351305,0,0,0,0.0,-inf,0,0,0,0.0,123.55279999999999,2.0918525919944333,176.504,86.0093,0.0,0.0,0.0,0.02,2.6955,707094611.3802088,48.94679397474123,-20.505366731303535,-21.02646059080433,-21.296141191487873,0.0,0.0,13.8,-20.4171214995162,-20.4171214995162,-20.4171214995162,-19.12280514086781,-20.182805140867814,-20.181709394999764,-20.96170939499976,-20.96170939499976,-20.96170939499976,-20.96170939499976,-20.96170939499976,-20.96170939499976,-20.96170939499976,-20.96170939499976,-20.96170939499976,-5.412989663513887,-5.412989663513887,0.0,-12.172989663513887,-12.172989663513887,0.0,-18.622989663513888,-18.622989663513888,0.0,-19.112989663513886,-19.112989663513886,0.0,-19.87629001179704,-19.87629001179704,0.0,-19.98629001179704,-19.98629001179704,0.0,-20.01629001179704,-20.01629001179704,0.0,-20.149978648875603,-20.149978648875603,0.0,-20.099978648875602,-20.099978648875602,0.0,-19.9599786488756,-19.9599786488756,0.0,-19.4799786488756,-19.4799786488756,0.0,-18.5899786488756,-18.5899786488756,0.0,-18.009978648875602,-18.009978648875602,0.0,-17.719978648875603,-17.719978648875603,0.0,-17.499978648875604,-17.499978648875604,0.0
33,99,13209920283.43667,63699143785.060524,0.0,50443903159.13788,13209920283.43667,76438972542.07263,0.17281655998405554,0.0,0.17281655998405554,0,0,0,0.0,-inf,0,0,0,0.0,101.98159999999999,2.0085218213765033,145.688,75.2543,0.0,0.0,0.0,0.02,4.7135,189261946.0378365,47.421671086636444,-20.891332847580166,-21.024721912537842,-21.175273546422734,0.0,0.0,13.8,-20.20230277683865,-20.20230277683865,-20.20230277683865,-18.906306206462546,-19.966306206462548,-19.963212371993052,-20.743212371993053,-20.743212371993053,-20.743212371993053,-20.743212371993053,-20.743212371993053,-20.743212371993053,-20.743212371993053,-20.743212371993053,-20.743212371993053,-5.295692761099371,-5.295692761099371,0.0,-12.05569276109937,-12.05569276109937,0.0,-18.505692761099372,-18.505692761099372,0.0,-18.99569276109937,-18.99569276109937,0.0,-19.712748069809347,-19.712748069809347,0.0,-19.822748069809347,-19.822748069809347,0.0,-19.852748069809348,-19.852748069809348,0.0,-19.953460705485355,-19.953460705485355,0.0,-19.903460705485355,-19.903460705485355,0.0,-19.763460705485354,-19.763460705485354,0.0,-19.283460705485354,-19.283460705485354,0.0,-18.393460705485353,-18.393460705485353,0.0,-17.813460705485355,-17.813460705485355,0.0,-17.523460705485356,-17.523460705485356,0.0,-17.303460705485357,-17.303460705485357,0.0
34,99,12470667257.159729,67324328314.14231,0.0,54781665190.43401,12470667257.159729,80789193976.97076,0.15436058516333923,0.0,0.15436058516333923,0,0,0,0.0,-inf,0,0,0,0.0,118.5058,2.073739606433489,169.294,78.1009,0.0,0.0,0.0,0.02,5.1469,149847105.4126716,72.47243799155844,-20.51705548747635,-20.791283400047732,-21.271884440292848,0.0,0.0,13.8,-20.138425565416085,-20.138425565416085,-20.138425565416085,-18.84343139775898,-19.90343139775898,-19.90152879444888,-20.681528794448877,-20.681528794448877,-20.681528794448877,-20.681528794448877,-20.681528794448877,-20.681528794448877,-20.681528794448877,-20.681528794448877,-20.681528794448877,-5.198582215351109,-5.198582215351109,0.0,-11.95858221535111,-11.95858221535111,0.0,-18.40858221535111,-18.40858221535111,0.0,-18.89858221535111,-18.89858221535111,0.0,-19.62968468244043,-19.62968468244043,0.0,-19.73968468244043,-19.73968468244043,0.0,-19.76968468244043,-19.76968468244043,0.0,-19.88336437395454,-19.88336437395454,0.0,-19.833364373954538,-19.833364373954538,0.0,-19.693364373954537,-19.693364373954537,0.0,-19.213364373954537,-19.213364373954537,0.0,-18.32336437395454,-18.32336437395454,0.0,-17.743364373954538,-17.743364373954538,0.0,-17.45336437395454,-17.45336437395454,0.0,-17.233364373954537,-17.233364373954537,0.0
35,99,14275405963.979923,48703277236.49247,0.0,34361234130.49897,14275405963.979923,58443932683.79096,0.2442581343938053,0.0,0.2442581343938053,0,0,0,0.0,-inf,0,0,0,0.0,128.1623,2.107760292656715,183.089,88.1948,0.0,0.0,0.0,0.02,2.5769,684295153.057771,8.82900571422466,-20.491723953245362,-20.97804507002614,-20.994560043666095,0.0,0.0,13.8,-20.286455121617543,-20.286455121617543,-20.286455121617543,-18.991652040087473,-20.051652040087475,-20.049976792237324,-20.82997679223732,-20.82997679223732,-20.82997679223732,-20.82997679223732,-20.82997679223732,-20.82997679223732,-20.82997679223732,-20.82997679223732,-20.82997679223732,-5.322619486738354,-5.322619486738354,0.0,-12.082619486738354,-12.082619486738354,0.0,-18.532619486738355,-18.532619486738355,0.0,-19.022619486738353,-19.022619486738353,0.0,-19.754696545044347,-19.754696545044347,0.0,-19.864696545044346,-19.864696545044346,0.0,-19.894696545044347,-19.894696545044347,0.0,-20.011668054724417,-20.011668054724417,0.0,-19.961668054724417,-19.961668054724417,0.0,-19.821668054724416,-19.821668054724416,0.0,-19.341668054724416,-19.341668054724416,0.0,-18.451668054724415,-18.451668054724415,0.0,-17.871668054724417,-17.871668054724417,0.0,-17.581668054724418,-17.581668054724418,0.0,-17.36166805472442,-17.36166805472442,0.0
36,99,16704310599.350458,23066282846.176556,0.0,6361972246.826099,16704310599.350458,27679539415.411865,0.603489471000719,0.0,0.603489471000719,0,0,0,0.0,-inf,0,0,0,0.0,160.5009,2.205477472030223,229.287,113.477,0.0,0.0,0.0,0.02,0.6632,12088979715.762766,85.3041080292758,-20.843871452293865,-20.92847829917592,-21.349121594511114,0.0,0.0,13.8,-20.450168281684682,-20.450168281684682,-20.450168281684682,-19.156936850932585,-20.216936850932584,-20.21713489277122,-20.997134892771218,-20.997134892771218,-20.997134892771218,-20.997134892771218,-20.997134892771218,-20.997134892771218,-20.997134892771218,-20.997134892771218,-20.997134892771218,-5.44462661419076,-5.44462661419076,0.0,-12.20462661419076,-12.20462661419076,0.0,-18.65462661419076,-18.65462661419076,0.0,-19.14462661419076,-19.14462661419076,0.0,-19.886016977087806,-19.886016977087806,0.0,-19.996016977087805,-19.996016977087805,0.0,-20.026016977087806,-20.026016977087806,0.0,-20.17384262192961,-20.17384262192961,0.0,-20.123842621929608,-20.123842621929608,0.0,-19.983842621929607,-19.983842621929607,0.0,-19.503842621929607,-19.503842621929607,0.0,-18.613842621929606,-18.613842621929606,0.0,-18.033842621929608,-18.033842621929608,0.0,-17.74384262192961,-17.74384262192961,0.0,-17.52384262192961,-17.52384262192961,0.0
37,99,3898066135.222911,91529377029.8199,5167198110.422202,82453351048.12518,9065264245.645113,109835252435.78387,0.03549011859832479,1.3255798981272842,0.08253510639441738,0,0,0,0.0,-inf,0,0,0,0.0,66.89599,1.8254000852854901,95.5657,52.7297,0.40965,1.0509057203991594e-10,0.0128292,0.02,15.4699,5184708.185849934,29.935132633052497,-19.679765394969817,-19.638852940980364,-20.282706175393717,0.0,0.0,13.8,-18.88045182681895,-18.88045182681895,-18.88045182681895,-17.583992313858147,-18.64399231385815,-18.640349141235617,-19.420349141235615,-19.420349141235615,-19.420349141235615,-19.420349141235615,-19.420349141235615,-19.420349141235615,-19.420349141235615,-19.420349141235615,-19.420349141235615,-4.058276571016222,-4.052192722891542,0.006083848124679825,-10.818276571016222,-10.811382297610928,0.006894273405294058,-17.268276571016223,-17.264592249985753,0.003684321030469379,-17.75827657101622,-17.755495377846746,0.0027811931694772954,-18.42911677174715,-18.427091080517034,0.0020256912301176047,-18.53911677174715,-18.53759467871577,0.0015220930313787147,-18.56911677174715,-18.56802764844523,0.0010891233019213451,-18.643756736080814,-18.642859856786426,0.0008968792943887296,-18.593756736080813,-18.593087045108454,0.000669690972358259,-18.453756736080813,-18.45333467606753,0.00042206001328087996,-17.973756736080812,-17.97348435707777,0.0002723790030421427,-17.083756736080815,-17.083634310091217,0.00012242598959870326,-16.503756736080813,-16.50367295274693,8.378333388327339e-05,-16.213756736080814,-16.21370011341477,5.662266604520337e-05,-15.993756736080813,-15.99372277009029,3.396599052335236e-05
38,99,13890271626.808386,33290817832.890457,0.0,19339533510.48125,13890271626.808386,39948981399.468544,0.3477002701999599,0.0,0.3477002701999599,0,0,0,0.0,-inf,0,0,0,0.0,122.5217,2.0882130140527297,175.031,84.4271,0.0,0.0,0.0,0.02,1.7829,1390935193.752693,63.171875564102436,-20.579154527479396,-20.989111621979276,-21.3270043382219,0.0,0.0,13.8,-20.256631201819985,-20.256631201819985,-20.256631201819985,-18.96111012294488,-20.021110122944883,-20.018581051033266,-20.798581051033267,-20.798581051033267,-20.798581051033267,-20.798581051033267,-20.798581051033267,-20.798581051033267,-20.798581051033267,-20.798581051033267,-20.798581051033267,-5.3612166236805905,-5.3612166236805905,0.0,-12.12121662368059,-12.12121662368059,0.0,-18.57121662368059,-18.57121662368059,0.0,-19.06121662368059,-19.06121662368059,0.0,-19.753642511137777,-19.753642511137777,0.0,-19.863642511137776,-19.863642511137776,0.0,-19.893642511137777,-19.893642511137777,0.0,-20.000856974036353,-20.000856974036353,0.0,-19.950856974036352,-19.950856974036352,0.0,-19.81085697403635,-19.81085697403635,0.0,-19.33085697403635,-19.33085697403635,0.0,-18.44085697403635,-18.44085697403635,0.0,-17.860856974036352,-17.860856974036352,0.0,-17.570856974036353,-17.570856974036353,0.0,-17.350856974036354,-17.350856974036354,0.0
39,99,12505388249.18807,40379982285.208145,0.0,27818718630.056095,12505388249.18807,48455978742.24977,0.25807730178576216,0.0,0.25807730178576216,0,0,0,0.0,-inf,0,0,0,0.0,110.65669999999999,2.0439777145573306,158.081,72.2385,0.0,0.0,0.0,0.02,3.4318,337989623.3141043,81.4100058428929,-20.59804483302136,-20.63390168681457,-21.108663644570072,0.0,0.0,13.8,-20.138097305780533,-20.138097305780533,-20.138097305780533,-18.8446159463269,-19.9046159463269,-19.904515694258336,-20.684515694258337,-20.684515694258337,-20.684515694258337,-20.684515694258337,-20.684515694258337,-20.684515694258337,-20.684515694258337,-20.684515694258337,-20.684515694258337,-5.109728672517232,-5.109728672517232,0.0,-11.869728672517232,-11.869728672517232,0.0,-18.319728672517233,-18.319728672517233,0.0,-18.80972867251723,-18.80972867251723,0.0,-19.56682144636566,-19.56682144636566,0.0,-19.676821446365658,-19.676821446365658,0.0,-19.70682144636566,-19.70682144636566,0.0,-19.857857154459527,-19.857857154459527,0.0,-19.807857154459526,-19.807857154459526,0.0,-19.667857154459526,-19.667857154459526,0.0,-19.187857154459525,-19.187857154459525,0.0,-18.29785715445953,-18.29785715445953,0.0,-17.717857154459526,-17.717857154459526,0.0,-17.427857154459527,-17.427857154459527,0.0,-17.207857154459525,-17.207857154459525,0.0
40,99,11788913492.76646,43425745497.4904,0.0,31588426335.99055,11788913492.76646,52110894596.98848,0.22622742487801675,0.0,0.22622742487801675,0,0,0,0.0,-inf,0,0,0,0.0,107.25259999999999,2.030407829080224,153.218,76.7836,0.0,0.0,0.0,0.02,3.125,384258837.72037596,9.061216691868287,-20.46514288445439,-20.651531185181504,-21.04744211715108,0.0,0.0,13.8,-20.075465154764572,-20.075465154764572,-20.075465154764572,-18.780954887714177,-19.840954887714176,-19.839628202428578,-20.619628202428576,-20.619628202428576,-20.619628202428576,-20.619628202428576,-20.619628202428576,-20.619628202428576,-20.619628202428576,-20.619628202428576,-20.619628202428576,-5.081797973570442,-5.081797973570442,0.0,-11.841797973570442,-11.841797973570442,0.0,-18.291797973570443,-18.291797973570443,0.0,-18.78179797357044,-18.78179797357044,0.0,-19.529360632898193,-19.529360632898193,0.0,-19.639360632898192,-19.639360632898192,0.0,-19.669360632898194,-19.669360632898194,0.0,-19.807412302802224,-19.807412302802224,0.0,-19.757412302802223,-19.757412302802223,0.0,-19.617412302802222,-19.617412302802222,0.0,-19.137412302802222,-19.137412302802222,0.0,-18.247412302802225,-18.247412302802225,0.0,-17.667412302802223,-17.667412302802223,0.0,-17.377412302802224,-17.377412302802224,0.0,-17.15741230280222,-17.15741230280222,0.0
41,99,12613418954.82728,29164009447.88899,0.0,16483761440.803074,12613418954.82728,34996811337.46678,0.36041623430199893,0.0,0.36041623430199893,0,0,0,0.0,-inf,0,0,0,0.0,119.08679999999998,2.0758636254217784,170.124,86.9456,0.0,0.0,0.0,0.02,1.5143,1750890973.0927875,22.659117368034945,-20.570250309276258,-20.69485937651542,-21.358619294861022,0.0,0.0,13.8,-20.154991697547253,-20.154991697547253,-20.154991697547253,-18.858582656134804,-19.918582656134802,-19.914999349323466,-20.694999349323464,-20.694999349323464,-20.694999349323464,-20.694999349323464,-20.694999349323464,-20.694999349323464,-20.694999349323464,-20.694999349323464,-20.694999349323464,-5.262870234100973,-5.262870234100973,0.0,-12.022870234100973,-12.022870234100973,0.0,-18.472870234100974,-18.472870234100974,0.0,-18.962870234100972,-18.962870234100972,0.0,-19.678470467331323,-19.678470467331323,0.0,-19.788470467331322,-19.788470467331322,0.0,-19.818470467331323,-19.818470467331323,0.0,-19.91077781715449,-19.91077781715449,0.0,-19.86077781715449,-19.86077781715449,0.0,-19.720777817154488,-19.720777817154488,0.0,-19.240777817154488,-19.240777817154488,0.0,-18.350777817154487,-18.350777817154487,0.0,-17.77077781715449,-17.77077781715449,0.0,-17.48077781715449,-17.48077781715449,0.0,-17.26077781715449,-17.26077781715449,0.0
42,99,13856244464.127546,20914083259.5217,0.0,6942766459.994095,13856244464.127546,25096899911.42604,0.5521098029250664,0.0,0.5521098029250664,0,0,0,0.0,-inf,0,0,0,0.0,151.5563,2.18057399414058,216.509,104.441,0.0,0.0,0.0,0.02,0.6533,10334044988.311104,26.302511527589925,-20.656454830302074,-20.796723616939953,-21.14119011545196,0.0,0.0,13.8,-20.24848900668401,-20.24848900668401,-20.24848900668401,-18.954882948045345,-20.014882948045347,-20.01463392181016,-20.794633921810156,-20.794633921810156,-20.794633921810156,-20.794633921810156,-20.794633921810156,-20.794633921810156,-20.794633921810156,-20.794633921810156,-20.794633921810156,-5.188789868544994,-5.188789868544994,0.0,-11.948789868544994,-11.948789868544994,0.0,-18.398789868544995,-18.398789868544995,0.0,-18.888789868544993,-18.888789868544993,0.0,-19.685385432583075,-19.685385432583075,0.0,-19.795385432583075,-19.795385432583075,0.0,-19.825385432583076,-19.825385432583076,0.0,-19.98030902551113,-19.98030902551113,0.0,-19.93030902551113,-19.93030902551113,0.0,-19.790309025511128,-19.790309025511128,0.0,-19.310309025511128,-19.310309025511128,0.0,-18.42030902551113,-18.42030902551113,0.0,-17.84030902551113,-17.84030902551113,0.0,-17.55030902551113,-17.55030902551113,0.0,-17.330309025511127,-17.330309025511127,0.0
43,99,5986891054.030115,78594921759.66933,0.0,72608060230.2923,5986891054.030115,94313906111.6032,0.06347834906705835,0.0,0.06347834906705835,0,0,0,0.0,-inf,0,0,0,0.0,67.72332,1.8307382403751322,96.7476,48.0092,0.0,0.0,0.0,0.02,15.2781,8164184.034635167,42.75597334791386,-19.65335836128028,-20.191830242860583,-21.02684963385458,0.0,0.0,13.8,-19.342378483503502,-19.342378483503502,-19.342378483503502,-18.04717041801163,-19.107170418011627,-19.105013421634183,-19.88501342163418,-19.88501342163418,-19.88501342163418,-19.88501342163418,-19.88501342163418,-19.88501342163418,-19.88501342163418,-19.88501342163418,-19.88501342163418,-4.349491447020142,-4.349491447020142,0.0,-11.109491447020142,-11.109491447020142,0.0,-17.559491447020143,-17.559491447020143,0.0,-18.04949144702014,-18.04949144702014,0.0,-18.806152652281483,-18.806152652281483,0.0,-18.916152652281482,-18.916152652281482,0.0,-18.946152652281484,-18.946152652281484,0.0,-19.08521184525728,-19.08521184525728,0.0,-19.03521184525728,-19.03521184525728,0.0,-18.89521184525728,-18.89521184525728,0.0,-18.41521184525728,-18.41521184525728,0.0,-17.52521184525728,-17.52521184525728,0.0,-16.94521184525728,-16.94521184525728,0.0,-16.65521184525728,-16.65521184525728,0.0,-16.435211845257278,-16.435211845257278,0.0
44,99,3734588131.08946,72961027457.92737,5595896073.22114,63621051077.64983,9330484204.3106,87553232949.51283,0.042655056875432494,1.4983971128266549,0.1065692709450373,0,0,0,0.0,-inf,0,0,0,0.0,70.1946,1.8463037035770058,100.278,56.7046,1.05687,2.829950620797609e-10,0.0119696,0.02,11.4422,9079747.487918815,17.44445762100716,-19.548514765237776,-19.782634674914718,-20.369138241247693,0.0,0.0,13.8,-18.82873605222555,-18.82873605222555,-18.82873605222555,-17.534127224138164,-18.594127224138163,-18.59268319007993,-19.37268319007993,-19.37268319007993,-19.37268319007993,-19.37268319007993,-19.37268319007993,-19.37268319007993,-19.37268319007993,-19.37268319007993,-19.37268319007993,-3.903771243750569,-3.899247364102536,0.004523879648033017,-10.663771243750569,-10.65864474116421,0.0051265025863587695,-17.11377124375057,-17.11103162491312,0.0027396188374504524,-17.60377124375057,-17.60170318042637,0.0020680633241989287,-18.304594963056008,-18.303088682303873,0.0015062807521366707,-18.414594963056008,-18.413463152145223,0.0011318109107842703,-18.44459496305601,-18.44378510346734,0.0008098595886661437,-18.566404750500286,-18.565737841349453,0.000666909150833037,-18.516404750500286,-18.51590677597853,0.0004979745217559008,-18.376404750500285,-18.376090911517917,0.0003138389823678252,-17.896404750500285,-17.89620221259941,0.0002025379008748218,-17.006404750500288,-17.006313715939367,9.10345609202765e-05,-16.426404750500286,-16.426342450174698,6.230032558855873e-05,-16.136404750500287,-16.13636264653561,4.210396467659132e-05,-15.916404750500286,-15.916379493779521,2.5256720763712796e-05
45,99,1603646294.6560378,87463094183.64336,5241954532.034248,80611603188.66254,6845600826.690287,104955713020.37202,0.015279266354417204,3.268772265743664,0.06522370845464646,0,0,0,0.0,-inf,0,0,0,0.0,58.784319999999994,1.7692614987699702,83.9776,45.216,0.18227,1.1365972696559912e-10,0.0102584,0.02,19.6817,1317751.4323145954,83.77243294509495,-18.674193150313894,-19.10089885358234,-19.70082714212119,0.0,0.0,13.8,-17.91654013899396,-17.91654013899396,-17.91654013899396,-16.61952816851034,-17.679528168510338,-17.675230107037144,-18.455230107037142,-18.455230107037142,-18.455230107037142,-18.455230107037142,-18.455230107037142,-18.455230107037142,-18.455230107037142,-18.455230107037142,-18.455230107037142,-3.105413485549292,-3.100765526395666,0.004647959153625876,-9.865413485549292,-9.860146374910592,0.005267110638699968,-16.315413485549293,-16.312598725333796,0.0028147602154956304,-16.80541348554929,-16.803288700054132,0.0021247854951596213,-17.461394684042105,-17.45984708950942,0.0015475945326857224,-17.571394684042104,-17.57023183018828,0.001162853853824494,-17.601394684042106,-17.600562611886975,0.0008320721551310855,-17.674154964652487,-17.673469763733493,0.0006852009189941763,-17.624154964652487,-17.623643331846853,0.0005116328056327007,-17.484154964652486,-17.48383251779617,0.00032244685631621753,-17.004154964652486,-17.003946871607674,0.00020809304481312046,-16.114154964652485,-16.114061433225118,9.353142736891472e-05,-15.534154964652487,-15.534090955573749,6.40090787382283e-05,-15.244154964652488,-15.244111705873907,4.325877858125436e-05,-15.024154964652487,-15.024129015198568,2.5949453919560778e-05
46,99,6683584292.884559,68682019486.271034,0.0,61972246826.09981,6683584292.884559,82418423383.52524,0.08109332863337146,0.0,0.08109332863337146,0,0,0,0.0,-inf,0,0,0,0.0,80.9718,1.9083337937331193,115.674,57.1969,0.0,0.0,0.0,0.02,9.0883,25756938.92373997,83.88364965669375,-19.873379585238943,-20.137051081245335,-20.878517078996065,0.0,0.0,13.8,-19.454769834517393,-19.454769834517393,-19.454769834517393,-18.16195166147852,-19.22195166147852,-19.222643263623922,-20.002643263623924,-20.002643263623924,-20.002643263623924,-20.002643263623924,-20.002643263623924,-20.002643263623924,-20.002643263623924,-20.002643263623924,-20.002643263623924,-4.370743859291295,-4.370743859291295,0.0,-11.130743859291295,-11.130743859291295,0.0,-17.580743859291296,-17.580743859291296,0.0,-18.070743859291294,-18.070743859291294,0.0,-18.863461099877618,-18.863461099877618,0.0,-18.973461099877618,-18.973461099877618,0.0,-19.00346109987762,-19.00346109987762,0.0,-19.181319870659358,-19.181319870659358,0.0,-19.131319870659357,-19.131319870659357,0.0,-18.991319870659357,-18.991319870659357,0.0,-18.511319870659356,-18.511319870659356,0.0,-17.621319870659356,-17.621319870659356,0.0,-17.041319870659358,-17.041319870659358,0.0,-16.75131987065936,-16.75131987065936,0.0,-16.53131987065936,-16.53131987065936,0.0
47,99,12947490404.487747,20386182462.356068,0.0,7438721582.521405,12947490404.487747,24463418954.827282,0.5292592351214613,0.0,0.5292592351214613,0,0,0,0.0,-inf,0,0,0,0.0,135.3156,2.131347867575979,193.308,91.9054,0.0,0.0,0.0,0.02,0.809,6297072332.150538,55.498853965688085,-20.279779301457122,-20.47504512206672,-21.294243628604438,0.0,0.0,13.8,-20.176568937151572,-20.176568937151572,-20.176568937151572,-18.8821926698774,-19.9421926698774,-19.94102556488493,-20.72102556488493,-20.72102556488493,-20.72102556488493,-20.72102556488493,-20.72102556488493,-20.72102556488493,-20.72102556488493,-20.72102556488493,-20.72102556488493,-5.202601332151655,-5.202601332151655,0.0,-11.962601332151655,-11.962601332151655,0.0,-18.412601332151656,-18.412601332151656,0.0,-18.902601332151654,-18.902601332151654,0.0,-19.642645734048536,-19.642645734048536,0.0,-19.752645734048535,-19.752645734048535,0.0,-19.782645734048536,-19.782645734048536,0.0,-19.915342542800364,-19.915342542800364,0.0,-19.865342542800363,-19.865342542800363,0.0,-19.725342542800362,-19.725342542800362,0.0,-19.245342542800362,-19.245342542800362,0.0,-18.355342542800365,-18.355342542800365,0.0,-17.775342542800363,-17.775342542800363,0.0,-17.485342542800364,-17.485342542800364,0.0,-17.26534254280036,-17.26534254280036,0.0
48,99,1726217891.9397697,93590345438.4411,1895039858.281665,89961617950.98907,3621257750.2214346,112308414526.12932,0.015370334442199372,1.097798758273898,0.03224386850710037,0,0,0,0.0,-inf,0,0,0,0.0,62.22958,1.7939968698532165,88.8994,48.1599,0.0915854,5.305552701523936e-11,0.0178012,0.02,20.2366,1341747.0407723207,69.33836588478201,-19.2319027476187,-19.249102667059336,-19.255339793241202,0.0,0.0,13.8,-18.00375214434188,-18.00375214434188,-18.00375214434188,-16.704326048634368,-17.764326048634366,-17.757174778530114,-18.537174778530115,-18.537174778530115,-18.537174778530115,-18.537174778530115,-18.537174778530115,-18.537174778530115,-18.537174778530115,-18.537174778530115,-18.537174778530115,-3.1964717404228047,-3.187841928492125,0.008629811930679392,-9.956471740422804,-9.946692357100426,0.00977938332237763,-16.406471740422806,-16.40124560772955,0.00522613269325669,-16.896471740422804,-16.892526675801925,0.003945064620879619,-17.587706938047223,-17.584833537201693,0.0028734008455317105,-17.697706938047222,-17.6955478807643,0.0021590572829244107,-17.727706938047223,-17.726162039313348,0.0015448987338743596,-17.796969810990365,-17.79569760637965,0.0012722046107129772,-17.746969810990365,-17.74601986828557,0.0009499427047958621,-17.606969810990364,-17.606371127646625,0.0005986833437374349,-17.126969810990364,-17.126583447044066,0.00038636394629646445,-16.236969810990367,-16.236796152272394,0.00017365871797132043,-15.656969810990365,-15.656850966075186,0.00011884491517874942,-15.366969810990366,-15.36688949291717,8.031807319474905e-05,-15.146969810990365,-15.146921630939804,4.8180050561534265e-05
49,99,4762917035.724831,76525686448.18423,0.0,71741806908.76883,4762917035.724831,91830823737.82108,0.0518662126926255,0.0,0.0518662126926255,0,0,0,0.0,-inf,0,0,0,0.0,80.6792,1.9067615831784561,115.256,56.7873,0.0,0.0,0.0,0.02,11.2944,11884935.110191789,3.985800671592944,-19.34212915705108,-19.506196939941685,-20.434552644533927,0.0,0.0,13.8,-19.092194541033997,-19.092194541033997,-19.092194541033997,-17.797938552478154,-18.857938552478153,-18.856914724130917,-19.636914724130914,-19.636914724130914,-19.636914724130914,-19.636914724130914,-19.636914724130914,-19.636914724130914,-19.636914724130914,-19.636914724130914,-19.636914724130914,-4.12992782670722,-4.12992782670722,0.0,-10.88992782670722,-10.88992782670722,0.0,-17.33992782670722,-17.33992782670722,0.0,-17.82992782670722,-17.82992782670722,0.0,-18.563386544314273,-18.563386544314273,0.0,-18.673386544314273,-18.673386544314273,0.0,-18.703386544314274,-18.703386544314274,0.0,-18.83379727719672,-18.83379727719672,0.0,-18.78379727719672,-18.78379727719672,0.0,-18.643797277196718,-18.643797277196718,0.0,-18.163797277196718,-18.163797277196718,0.0,-17.27379727719672,-17.27379727719672,0.0,-16.69379727719672,-16.69379727719672,0.0,-16.40379727719672,-16.40379727719672,0.0,-16.183797277196717,-16.183797277196717,0.0
